repo,Stars,URL,Scorecard Score,Detailed Score,CVE Count,Average CVE Score,CVE Links,GitHub Commit (2024-09-01),CVE GitHub References,Commit / code contribution volume issues,Code submission frequency / update frequency issues,Meta Data-Other,Low test coverage / insufficient test suite capability,Test-Other,High developer concentration,Few new developers,Severe developer attrition,Developer-Other,High total vulnerability count (can directly refer to the repo’s security items),Takes a long time to resolve or close an issue / high labor cost,Too Many Open Issues,Issue-Other
repo:argoproj/argo-helm,2085,https://github.com/argoproj/argo-helm,9.6,"{'Binary-Artifacts': 10.0, 'CI-Tests': 4.0, 'Code-Review': 10.0, 'Dangerous-Workflow': 10.0, 'License': 10.0, 'Pinned-Dependencies': 10.0, 'Security-Policy': 10.0, 'Token-Permissions': 10.0, 'Vulnerabilities': 9.0}",1,8.3,https://www.cve.org/CVERecord?id=CVE-2024-52799,https://github.com/argoproj/argo-helm/tree/e709ba3b5a643f18bb435b00b9b4aab5e985b52b,https://github.com/argoproj/argo-helm/security/advisories/GHSA-fgrf-2886-4q7m; https://github.com/argoproj/argo-helm/commit/81dc44c4a5ccd42c799469a78eb96a68048a4987,,,,,,1,1,1,,,,,
repo:codeigniter4/codeigniter4,5730,https://github.com/codeigniter4/CodeIgniter4,9.5,"{'Binary-Artifacts': 10.0, 'CI-Tests': 10.0, 'Code-Review': 10.0, 'License': 10.0, 'Security-Policy': 10.0, 'Vulnerabilities': 8.0}",1,9.8,https://www.cve.org/CVERecord?id=CVE-2025-54418,https://github.com/codeigniter4/CodeIgniter4/tree/a9925c740e180c96c25bac5fbb4ec90005eacc76,https://github.com/codeigniter4/CodeIgniter4/security/advisories/GHSA-9952-gv64-x94c; https://github.com/codeigniter4/CodeIgniter4/commit/e18120bff1da691e1d15ffc1bf553ae7411762c0,,,,,,1,1,1,,1,,,
repo:sylius/sylius,8307,https://github.com/Sylius/Sylius,9.2,"{'Binary-Artifacts': 10.0, 'CI-Tests': 5.0, 'Code-Review': 10.0, 'License': 10.0, 'Security-Policy': 9.0, 'Vulnerabilities': 9.0}",1,7.5,https://www.cve.org/CVERecord?id=CVE-2024-57610,https://github.com/Sylius/Sylius/tree/77ca7f4afe98957909f7bc99dc8bd7087d095add,https://github.com/Sylius/Sylius; https://github.com/nca785/CVE-2024-57610,,,,,,,,1,,1,1,1,
repo:powsybl/powsybl-core,143,https://github.com/powsybl/powsybl-core,8.9,"{'Binary-Artifacts': 10.0, 'CI-Tests': 1.0, 'Code-Review': 10.0, 'Dangerous-Workflow': 10.0, 'License': 10.0, 'Pinned-Dependencies': 10.0, 'Security-Policy': 10.0, 'Token-Permissions': 10.0, 'Vulnerabilities': 5.0}",1,8.1,https://www.cve.org/CVERecord?id=CVE-2025-47771,https://github.com/powsybl/powsybl-core/tree/503ef2defde6283f0d7f44fe4646dc522e5b0726,https://github.com/powsybl/powsybl-core/security/advisories/GHSA-f5cx-h789-j959; https://github.com/powsybl/powsybl-core/commit/8ed16ce41683c4aef5f6aa1dd5ae8642aa5ed2bd; https://github.com/powsybl/powsybl-core/releases/tag/v6.7.2,,,,,,,,,,,1,,
repo:pimcore/pimcore,3638,https://github.com/pimcore/pimcore,8.8,"{'Binary-Artifacts': 10.0, 'CI-Tests': 5.0, 'Code-Review': 8.0, 'License': 9.0, 'Security-Policy': 10.0, 'Vulnerabilities': 9.0}",1,8.7,https://www.cve.org/CVERecord?id=CVE-2024-49370,https://github.com/pimcore/pimcore/tree/057aa1c48c58d9451587db89448cba92a5f41a05,https://github.com/pimcore/pimcore/security/advisories/GHSA-74p5-77rq-gfqc,,,,1,,,,,,1,,,Many bugs have a “PR welcome” label; it feels like the maintainers are already overloaded
repo:open-quantum-safe/liboqs,2510,https://github.com/open-quantum-safe/liboqs,8.6,"{'Binary-Artifacts': 10.0, 'CI-Tests': 2.0, 'Code-Review': 10.0, 'Dangerous-Workflow': 10.0, 'License': 9.0, 'Pinned-Dependencies': 8.0, 'Security-Policy': 10.0, 'Token-Permissions': 10.0, 'Vulnerabilities': 4.0}",1,7.4,https://www.cve.org/CVERecord?id=CVE-2024-54137,https://github.com/open-quantum-safe/liboqs/tree/6d92fc4a6ed82895a8ebd47111d1e0169c424f5d,https://github.com/open-quantum-safe/liboqs/security/advisories/GHSA-gpf4-vrrw-r8v7; https://github.com/open-quantum-safe/liboqs/commit/cce1bfde4e52c524b087b9687020d283fbde0f24,,1,Sometimes there is only one commit per week; the community lacks vitality,,,1,1,1,,,,1,Security issues caused by dependency libraries
repo:nixos/nix,15158,https://github.com/NixOS/nix,8.5,"{'Binary-Artifacts': 10.0, 'CI-Tests': 9.0, 'Code-Review': 9.0, 'Dangerous-Workflow': 10.0, 'License': 10.0, 'Pinned-Dependencies': 0.0, 'Security-Policy': 9.0, 'Token-Permissions': 10.0, 'Vulnerabilities': 8.0}",2,8.5,https://www.cve.org/CVERecord?id=CVE-2024-45593; https://www.cve.org/CVERecord?id=CVE-2025-53819,https://github.com/NixOS/nix/tree/9cc550d65252d3ad822cc12496ef71482c47ff7e,https://github.com/NixOS/nix/security/advisories/GHSA-h4vv-h3jq-v493; https://github.com/NixOS/nix/commit/eb11c1499876cd4c9c188cbda5b1003b36ce2e59; https://github.com/NixOS/nix/security/advisories/GHSA-qc7j-jgf3-qmhg; https://github.com/NixOS/nix/pull/13281; https://github.com/NixOS/nix/pull/13455; https://github.com/NixOS/nix/commit/e2ef2cfcbc83ea01308ee64c38a58707ab23dec3,,,,1,"Most vulnerabilities are related to privilege escalation/unauthorized access, which to some extent indicates the test suite does not cover the relevant behavior",,1,,,,,1,
repo:automattic/mongoose,27365,https://github.com/Automattic/mongoose,8.5,"{'Binary-Artifacts': 10.0, 'CI-Tests': 10.0, 'Code-Review': 7.0, 'Dangerous-Workflow': 10.0, 'License': 10.0, 'Pinned-Dependencies': 3.0, 'Security-Policy': 9.0, 'Token-Permissions': 9.0, 'Vulnerabilities': 8.0}",2,9.05,https://www.cve.org/CVERecord?id=CVE-2024-53900; https://www.cve.org/CVERecord?id=CVE-2025-23061,https://github.com/Automattic/mongoose/tree/40623bbec0aec1a622b562af9a731fe5f1306c75,https://github.com/Automattic/mongoose/releases; https://github.com/Automattic/mongoose/blob/master/CHANGELOG.md; https://github.com/Automattic/mongoose/commit/c9e86bff7eef477da75a29af62a06d41a835a156; https://github.com/advisories/GHSA-m7xq-9374-9rvx; https://github.com/Automattic/mongoose/blob/master/CHANGELOG.md; https://github.com/Automattic/mongoose/releases/tag/8.9.5; https://github.com/Automattic/mongoose/commit/64a9f9706f2428c49e0cfb8e223065acc645f7bc,,,,,,1,1,1,,,,,No security.md
repo:ratify-project/ratify,279,https://github.com/ratify-project/ratify,8.5,"{'Binary-Artifacts': 10.0, 'CI-Tests': 8.0, 'Code-Review': 10.0, 'Dangerous-Workflow': 10.0, 'License': 10.0, 'Pinned-Dependencies': 10.0, 'Security-Policy': 10.0, 'Token-Permissions': 10.0, 'Vulnerabilities': 0.0}",1,7.2,https://www.cve.org/CVERecord?id=CVE-2025-27403,https://github.com/notaryproject/ratify/tree/b2e5bfa64bcde5f28e38fda8df2d18c05a13a28b,https://github.com/ratify-project/ratify/security/advisories/GHSA-44f7-5fj5-h4px; https://github.com/ratify-project/ratify/commit/0ec0c08490e3d672ae64b1a220c90d5484f1c93f; https://github.com/ratify-project/ratify/commit/84c7c48fa76bb9a1c9583635d1e90bc25b1a546c,,,,,,3,,1,,,,,There have been no new issues in the project for several months
repo:firebase/php-jwt,9697,https://github.com/firebase/php-jwt,8.5,"{'Binary-Artifacts': 10.0, 'CI-Tests': 0.0, 'Code-Review': 8.0, 'License': 10.0, 'Security-Policy': 10.0, 'Vulnerabilities': 9.0}",1,7.3,https://www.cve.org/CVERecord?id=CVE-2025-45769,https://github.com/firebase/php-jwt/tree/76808fa227f3811aa5cdb3bf81233714b799a5b5,https://github.com/firebase/php-jwt; https://github.com/firebase; https://gist.github.com/ZupeiNie/83756316c4c24fe97a50176a92608db3,1,1,Fewer than 10 commits per year,1,The test scripts are very limited,,,,,,1,,Secret key length does not meet the standard. This kind of error should have been detected by methods such as asset checking
repo:academysoftwarefoundation/openexr,1728,https://github.com/AcademySoftwareFoundation/openexr,8.4,"{'Binary-Artifacts': 10.0, 'CI-Tests': 0.0, 'Code-Review': 7.0, 'Dangerous-Workflow': 10.0, 'License': 10.0, 'Pinned-Dependencies': 9.0, 'Security-Policy': 10.0, 'Token-Permissions': 9.0, 'Vulnerabilities': 6.0}",1,8.4,https://www.cve.org/CVERecord?id=CVE-2025-48071,https://github.com/AcademySoftwareFoundation/openexr/tree/84d7d52e17a17e18d138d9d1aa9f4e2de2fcb2d6,https://github.com/AcademySoftwareFoundation/openexr/security/advisories/GHSA-h45x-qhg2-q375; https://github.com/AcademySoftwareFoundation/openexr/commit/916cc729e24aa16b86d82813f6e136340ab2876f; https://github.com/AcademySoftwareFoundation/openexr/releases/tag/v3.3.3,1,,Sometimes there are several commits in a month; the community lacks vitality,,,2,,1,The remaining two key developers look to be in their 40s based on their avatars,1,,1,
repo:mlflow/mlflow,22285,https://github.com/mlflow/mlflow,8.3,"{'Binary-Artifacts': 10.0, 'CI-Tests': 10.0, 'Code-Review': 10.0, 'Dangerous-Workflow': 10.0, 'License': 10.0, 'Security-Policy': 10.0, 'Token-Permissions': 9.0, 'Vulnerabilities': 0.0}",2,7.25,https://www.cve.org/CVERecord?id=CVE-2024-8859; https://www.cve.org/CVERecord?id=CVE-2024-27134,https://github.com/mlflow/mlflow/tree/f810d03ec4188c06c61219650b97e64df7748aa1,https://github.com/mlflow/mlflow/commit/7791b8cdd595f21b5f179c7b17e4b5eb5cbbe654; https://github.com/mlflow/mlflow/pull/10874,,,,1,The test scripts have limited parameter-checking capability; this CVE was reported externally,,,,,,,1,security.md is poorly maintained; there are many unresolved open issues
repo:pluxml/pluxml,228,https://github.com/pluxml/PluXml,8.3,"{'Binary-Artifacts': 10.0, 'CI-Tests': 0.0, 'Code-Review': 6.0, 'License': 10.0, 'Security-Policy': 10.0, 'Vulnerabilities': 10.0}",1,9.8,https://www.cve.org/CVERecord?id=CVE-2024-48138,https://github.com/pluxml/PluXml/tree/d2653945046b0f75b4660ab30d4234c81b46c494,https://github.com/pluxml/PluXml/issues/829,,,,1,This CVE was reported externally,1,1,1,Key developers look older based on their avatars,,,,security.md is poorly maintained
repo:argoproj/argo-cd,20788,https://github.com/argoproj/argo-cd,8.3,"{'Binary-Artifacts': 10.0, 'CI-Tests': 9.0, 'Code-Review': 10.0, 'Dangerous-Workflow': 10.0, 'License': 10.0, 'Pinned-Dependencies': 7.0, 'Security-Policy': 10.0, 'Token-Permissions': 10.0, 'Vulnerabilities': 0.0}",1,9.1,https://www.cve.org/CVERecord?id=CVE-2025-47933,https://github.com/argoproj/argo-cd/tree/aa14f76d38e5327e65b729a39a634463b2dce5d3,https://github.com/argoproj/argo-cd/security/advisories/GHSA-2hj5-g64g-fp6p; https://github.com/argoproj/argo-cd/commit/a5b4041a79c54bc7b3d090805d070bcdb9a9e4d1,,,,1,"URL scheme/protocol input is not filtered, reflecting limited test-script capability",,,1,,1,,,
repo:kubernetes-sigs/headlamp,4513,https://github.com/kubernetes-sigs/headlamp,8.3,"{'Binary-Artifacts': 10.0, 'CI-Tests': 10.0, 'Code-Review': 10.0, 'Dangerous-Workflow': 10.0, 'License': 10.0, 'Pinned-Dependencies': 7.0, 'Security-Policy': 9.0, 'Token-Permissions': 10.0, 'Vulnerabilities': 0.0}",1,7.8,https://www.cve.org/CVERecord?id=CVE-2025-53542,https://github.com/kubernetes-sigs/headlamp/tree/ba83d0f1cf15fe407c1f9ae91377160d9053b5e4,https://github.com/kubernetes-sigs/headlamp/security/advisories/GHSA-34rf-485x-g5h7; https://github.com/kubernetes-sigs/headlamp/pull/3377; https://github.com/kubernetes-sigs/headlamp/commit/5bc0a9dd87acdf1e04be14619acde687eefa35fb,,,,,,,,,,,1,1,Improper use of functions in the third-party library Node.js caused this CVE
repo:fleetdm/fleet,5577,https://github.com/fleetdm/fleet,8.2,"{'Binary-Artifacts': 9.0, 'CI-Tests': 9.0, 'Code-Review': 10.0, 'Dangerous-Workflow': 10.0, 'License': 9.0, 'Pinned-Dependencies': 8.0, 'Security-Policy': 10.0, 'Token-Permissions': 10.0, 'Vulnerabilities': 0.0}",1,9.3,https://www.cve.org/CVERecord?id=CVE-2025-27509,https://github.com/fleetdm/fleet/tree/ebf1a2d8f5a5d91414435b9800709c22da8a04ec,https://github.com/fleetdm/fleet/security/advisories/GHSA-52jx-g6m5-h735; https://github.com/fleetdm/fleet/commit/718c95e47ad010ad6b8ceb3f3460e921fbfc53bb,,,,1,The test scripts are very limited; this CVE was reported externally,,,,,,,,
repo:symfony/symfony,30607,https://github.com/symfony/symfony,8.1,"{'Binary-Artifacts': 9.0, 'CI-Tests': 10.0, 'Code-Review': 3.0, 'Dangerous-Workflow': 10.0, 'License': 10.0, 'Pinned-Dependencies': 1.0, 'Security-Policy': 10.0, 'Token-Permissions': 10.0, 'Vulnerabilities': 10.0}",3,7.43,https://www.cve.org/CVERecord?id=CVE-2024-51996; https://www.cve.org/CVERecord?id=CVE-2024-50340; https://www.cve.org/CVERecord?id=CVE-2024-36611,https://github.com/symfony/symfony/tree/f72d8d77455ccc691a9dffe9f7650e21793cf115,https://github.com/symfony/symfony/security/advisories/GHSA-cg23-qf8f-62rr; https://github.com/symfony/symfony/commit/81354d392c5f0b7a52bcbd729d6f82501e94135a; https://github.com/symfony/symfony/security/advisories/GHSA-x8vp-gf4q-mw5j; https://github.com/symfony/symfony/commit/a77b308c3f179ed7c8a8bc295f82b2d6ee3493fa; https://github.com/symfony/symfony/commit/a804ca15fcad279d7727b91d12a667fd5b925995; https://github.com/symfony/symfony/blob/v7.0.7/src/Symfony/Component/Security/Http/Authenticator/FormLoginAuthenticator.php#L132; https://gist.github.com/1047524396/3581425e0911b716cf8ce4fa30e41e6c; https://github.com/github/advisory-database/pull/5046; https://github.com/symfony/symfony/issues/59077#issuecomment-2513935018,,,,1,The test scripts are very limited; this CVE was reported externally,1,1,,Key developers look older based on their avatars; insufficient code review and dependency pinning,1,1,,"Several high-severity CVEs are related to unauthorized access in function implementations, reflecting insufficient testing capability"
repo:libsndfile/libsndfile,1616,https://github.com/libsndfile/libsndfile,8.1,"{'Binary-Artifacts': 10.0, 'CI-Tests': 0.0, 'Code-Review': 5.0, 'License': 10.0, 'Security-Policy': 10.0, 'Vulnerabilities': 10.0}",1,7.5,https://www.cve.org/CVERecord?id=CVE-2025-52194,https://github.com/libsndfile/libsndfile/tree/58c05b87162264200b1aa7790be260fd74c9deee,https://github.com/libsndfile/libsndfile/issues/1082; https://github.com/libsndfile,1,1,"Sometimes there are several commits in a month; there have been almost no updates after 2023, and the community lacks vitality",1,The test scripts are very limited; this CVE was reported externally,1,1,1,Insufficient code review and dependency pinning,,,1,security.md is poorly maintained
repo:libexpat/libexpat,1246,https://github.com/libexpat/libexpat,8.1,"{'Binary-Artifacts': 10.0, 'CI-Tests': 1.0, 'Code-Review': 4.0, 'Dangerous-Workflow': 10.0, 'License': 10.0, 'Pinned-Dependencies': 10.0, 'Security-Policy': 10.0, 'Token-Permissions': 10.0, 'Vulnerabilities': 5.0}",1,7.5,https://www.cve.org/CVERecord?id=CVE-2024-8176,https://github.com/libexpat/libexpat/tree/234654c58b3833b881b5a32fc8b57b09d39ecd81,https://github.com/libexpat/libexpat/issues/893,,,,,,1,1,1,,,,,security.md is poorly maintained
repo:tensorflow/serving,6326,https://github.com/tensorflow/serving,8.1,"{'Binary-Artifacts': 10.0, 'Code-Review': 10.0, 'Dangerous-Workflow': 10.0, 'License': 10.0, 'Pinned-Dependencies': 0.0, 'Security-Policy': 0.0, 'Token-Permissions': 10.0, 'Vulnerabilities': 10.0}",1,8.9,https://www.cve.org/CVERecord?id=CVE-2025-0649,https://github.com/tensorflow/serving/tree/d7c14e62e53b561f821cffbbd52bfdc74efbe629,https://github.com/tensorflow/serving/commit/6cb013167d13f2ed3930aabb86dbc2c8c53f5adf,,,,1,The test scripts are very limited; this CVE was reported externally,1,,,There is only one corporate developer and basically no other contributors,,,1,No security.md; the community basically no longer handles issues
repo:browserify/sha.js,295,https://github.com/browserify/sha.js,8,"{'Binary-Artifacts': 10.0, 'CI-Tests': 0.0, 'Code-Review': 5.0, 'License': 9.0, 'Security-Policy': 10.0, 'Vulnerabilities': 10.0}",1,9.1,https://www.cve.org/CVERecord?id=CVE-2025-9288,https://github.com/browserify/sha.js/tree/8938256dbb2241a7c749e4a399dbaff48cbe8e95,https://github.com/browserify/sha.js/security/advisories/GHSA-95m3-7q98-8xr5; https://github.com/browserify/sha.js/pull/78,,1,After 2018 the main code basically stopped being updated,1,The test scripts are very limited; the CVE is due to insufficient type checking,1,,,,,,,
repo:gramineproject/gramine,711,https://github.com/gramineproject/gramine,7.9,"{'Binary-Artifacts': 10.0, 'CI-Tests': 0.0, 'Code-Review': 10.0, 'License': 10.0, 'Pinned-Dependencies': 0.0, 'Security-Policy': 9.0, 'Vulnerabilities': 10.0}",1,7.5,https://www.cve.org/CVERecord?id=CVE-2024-25371,https://github.com/gramineproject/gramine/tree/ca534cea27bff7a13e2127c8db0b77e676f6b7de,https://github.com/gramineproject/gramine/commit/a390e33e16ed374a40de2344562a937f289be2e1; https://github.com/ahoi-attacks/sigy/blob/main/pocs/gramine/cve.md,,1,,1,The test scripts are very limited; this CVE was reported externally,1,,1,,,,,
repo:zoneminder/zoneminder,5623,https://github.com/ZoneMinder/zoneminder,7.9,"{'Binary-Artifacts': 10.0, 'CI-Tests': 10.0, 'Code-Review': 2.0, 'Dangerous-Workflow': 10.0, 'License': 10.0, 'Pinned-Dependencies': 0.0, 'Security-Policy': 10.0, 'Token-Permissions': 10.0, 'Vulnerabilities': 9.0}",1,10,https://www.cve.org/CVERecord?id=CVE-2024-51482,https://github.com/ZoneMinder/zoneminder/tree/5bf2432b2f84c7ebe34380098e54953e68cf72a6,https://github.com/ZoneMinder/zoneminder/security/advisories/GHSA-qm8h-3xvf-m7j3; https://github.com/ZoneMinder/zoneminder/commit/9e7d31841ed9678a7dd06869037686fc9925e59f,,,,1,The test scripts are very limited; this CVE was reported externally,1,1,1,,1,,1,
repo:theupdateframework/go-tuf,675,https://github.com/theupdateframework/go-tuf,7.9,"{'Binary-Artifacts': 10.0, 'CI-Tests': 0.0, 'Code-Review': 10.0, 'Dangerous-Workflow': 10.0, 'License': 10.0, 'Pinned-Dependencies': 10.0, 'Security-Policy': 10.0, 'Token-Permissions': 0.0, 'Vulnerabilities': 8.0}",1,8.2,https://www.cve.org/CVERecord?id=CVE-2024-47534,https://github.com/theupdateframework/go-tuf/tree/f95222bdd22d2ac4e5b8ed6fe912b645e213c3b5,https://github.com/theupdateframework/go-tuf/security/advisories/GHSA-4f8r-qqr9-fq8j; https://github.com/theupdateframework/tuf-conformance/pull/115; https://github.com/theupdateframework/go-tuf/commit/edc30b474f5afd4cc603e17149704d5aa605151d; https://github.com/theupdateframework/go-tuf/commit/f36420caba9edbfdfd64f95a9554c0836d9cf819; https://github.com/theupdateframework/go-tuf/blob/f95222bdd22d2ac4e5b8ed6fe912b645e213c3b5/metadata/metadata.go#L565-L580,,1,Sometimes there are several commits in a month; the community lacks vitality,1,No test scripts; a logic/implementation error caused the CVE vulnerability,1,,1,,,,,
repo:harfbuzz/harfbuzz,5026,https://github.com/harfbuzz/harfbuzz,7.9,"{'Binary-Artifacts': 10.0, 'CI-Tests': 5.0, 'Code-Review': 4.0, 'Dangerous-Workflow': 10.0, 'License': 9.0, 'Pinned-Dependencies': 8.0, 'Security-Policy': 10.0, 'Token-Permissions': 10.0, 'Vulnerabilities': 4.0}",1,9.3,https://www.cve.org/CVERecord?id=CVE-2024-56732,https://github.com/harfbuzz/harfbuzz/tree/a141e25c423648fcda7f19faae7d3dd4eb7eae95,https://github.com/harfbuzz/harfbuzz/security/advisories/GHSA-qmp9-xqm5-jh6m; https://github.com/harfbuzz/harfbuzz/commit/1767f99e2e2196c3fcae27db6d8b60098d3f6d26,,,,1,,1,,,,,,,Lack of input type checking caused this CVE
repo:wintercms/winter,1456,https://github.com/wintercms/winter,7.8,"{'Binary-Artifacts': 10.0, 'CI-Tests': 0.0, 'Code-Review': 5.0, 'License': 10.0, 'Security-Policy': 10.0, 'Vulnerabilities': 9.0}",1,8.5,https://www.cve.org/CVERecord?id=CVE-2024-54149,https://github.com/wintercms/winter/tree/2180147c1f15cd633573858cecc637b2501d8f63,https://github.com/wintercms/winter/security/advisories/GHSA-xhw3-4j3m-hq53; https://github.com/wintercms/winter/commit/fb88e6fabde3b3278ce1844e581c87dcf7daee22,,,,,,1,1,1,,,,,
repo:karmada-io/karmada,5067,https://github.com/karmada-io/karmada,7.8,"{'Binary-Artifacts': 10.0, 'CI-Tests': 10.0, 'Code-Review': 10.0, 'Dangerous-Workflow': 10.0, 'License': 10.0, 'Pinned-Dependencies': 0.0, 'Security-Policy': 9.0, 'Token-Permissions': 10.0, 'Vulnerabilities': 1.0}",1,8.7,https://www.cve.org/CVERecord?id=CVE-2024-56513,https://github.com/karmada-io/karmada/tree/e579560af57f9d370295b94b3a33b102f464413a,https://github.com/karmada-io/karmada/security/advisories/GHSA-mg7w-c9x2-xh7r; https://github.com/karmada-io/karmada/pull/5793; https://github.com/karmada-io/karmada/commit/2c82055c4c7f469411b1ba48c4dba4841df04831,,,,1,Limited test scripts; improper permission settings caused the CVE vulnerability,,,1,,,,1,
repo:pingcap/tidb,39106,https://github.com/pingcap/tidb,7.8,"{'Binary-Artifacts': 10.0, 'CI-Tests': 10.0, 'Code-Review': 10.0, 'Dangerous-Workflow': 10.0, 'License': 10.0, 'Pinned-Dependencies': 1.0, 'Security-Policy': 10.0, 'Token-Permissions': 10.0, 'Vulnerabilities': 0.0}",1,9.8,https://www.cve.org/CVERecord?id=CVE-2024-41433,https://github.com/pingcap/tidb/tree/3419bde4dc18e8aa6e0d94d428477c91496f6fff,https://github.com/pingcap/tidb/issues/53796; https://gist.github.com/ycybfhb/eec3a1eefe4c85eb22f1bca6114359a1,,,,,,,,1,,,,,
repo:containerd/containerd,19355,https://github.com/containerd/containerd,7.8,"{'Binary-Artifacts': 10.0, 'CI-Tests': 9.0, 'Code-Review': 10.0, 'Dangerous-Workflow': 10.0, 'License': 10.0, 'Pinned-Dependencies': 1.0, 'Security-Policy': 9.0, 'Token-Permissions': 10.0, 'Vulnerabilities': 1.0}",1,7.6,https://www.cve.org/CVERecord?id=CVE-2025-47290,https://github.com/containerd/containerd/tree/3d7955bf78912129de9b8fe783b6e3d580c7b605,https://github.com/containerd/containerd/security/advisories/GHSA-cm76-qm8v-3j95; https://github.com/containerd/containerd/commit/cada13298fba85493badb6fecb6ccf80e49673cc; https://github.com/containerd/containerd/releases/tag/v2.1.1,,,,1,The test scripts are very limited; this CVE was reported externally,,,1,,1,,,
repo:auth0/auth0-php,401,https://github.com/auth0/auth0-PHP,7.8,"{'Binary-Artifacts': 10.0, 'CI-Tests': 0.0, 'Code-Review': 5.0, 'License': 10.0, 'Security-Policy': 10.0, 'Vulnerabilities': 9.0}",2,9.2,https://www.cve.org/CVERecord?id=CVE-2025-47275; https://www.cve.org/CVERecord?id=CVE-2025-48951,https://github.com/auth0/auth0-PHP/tree/d67ad496e8808589ecddc684ffb9bf90a57abe6d,https://github.com/auth0/auth0-PHP/security/advisories/GHSA-g98g-r7gf-2r25; https://github.com/auth0/laravel-auth0/security/advisories/GHSA-9fwj-9mjf-rhj3; https://github.com/auth0/symfony/security/advisories/GHSA-9wg9-93h9-j8ch; https://github.com/auth0/wordpress/security/advisories/GHSA-2f4r-34m4-3w8q; https://github.com/auth0/auth0-PHP/commit/52a79480fdb246f59dbc089b81a784ae049bd389; https://github.com/auth0/auth0-PHP/releases/tag/8.14.0; https://github.com/auth0/auth0-PHP/security/advisories/GHSA-v9m8-9xxp-q492; https://github.com/auth0/laravel-auth0/security/advisories/GHSA-c42h-56wx-h85q; https://github.com/auth0/symfony/security/advisories/GHSA-98j6-67v3-mw34; https://github.com/auth0/wordpress/security/advisories/GHSA-862m-5253-832r; https://github.com/auth0/auth0-PHP/commit/04b1f5daa8bdfebc5e740ec5ca0fb2df1648a715,1,1,Sometimes there are several commits in a month; the community lacks vitality,,The test scripts are very limited; this CVE was reported externally; authentication and cookie handling caused the CVE vulnerability,1,1,1,"Few code changes in the past two years, and there are also few issues",,,,
repo:chainguard-dev/apko,1432,https://github.com/chainguard-dev/apko,7.8,"{'Binary-Artifacts': 10.0, 'CI-Tests': 5.0, 'Code-Review': 10.0, 'Dangerous-Workflow': 10.0, 'License': 10.0, 'Pinned-Dependencies': 8.0, 'Security-Policy': 10.0, 'Token-Permissions': 7.0, 'Vulnerabilities': 0.0}",1,7,https://www.cve.org/CVERecord?id=CVE-2025-53945,https://github.com/chainguard-dev/apko/tree/86e8e1de6d2645c366012f8a8d7924c0c45b3140,https://github.com/chainguard-dev/apko/security/advisories/GHSA-x6ph-r535-3vjw; https://github.com/chainguard-dev/apko/commit/04f37e2d50d5a502e155788561fb7d40de705bd9; https://github.com/chainguard-dev/apko/commit/aedb0772d6bf6e74d8f17690946dbc791d0f6af3; https://github.com/chainguard-dev/apko/releases/tag/v0.27.0; https://github.com/chainguard-dev/apko/releases/tag/v0.29.5,,,,1,Lack of a systematic test suite; improper file permission settings caused the CVE vulnerability,1,,1,,,1,1,
repo:projectcapsule/capsule,1938,https://github.com/projectcapsule/capsule,7.7,"{'Binary-Artifacts': 10.0, 'CI-Tests': 3.0, 'Code-Review': 7.0, 'Dangerous-Workflow': 10.0, 'License': 10.0, 'Pinned-Dependencies': 9.0, 'Security-Policy': 10.0, 'Token-Permissions': 9.0, 'Vulnerabilities': 0.0}",1,9.1,https://www.cve.org/CVERecord?id=CVE-2025-55205,https://github.com/projectcapsule/capsule/tree/59e5ace956de28a69cff718ad0c0144b89b969e9,https://github.com/projectcapsule/capsule/security/advisories/GHSA-fcpm-6mxq-m5vv; https://github.com/projectcapsule/capsule/commit/e1f47feade6e1695b2204407607d07c3b3994f6e,1,,,,The test scripts are very limited; namespace injection caused this CVE vulnerability,1,1,1,,,,,
repo:twigphp/twig,8320,https://github.com/twigphp/Twig,7.7,"{'Binary-Artifacts': 10.0, 'CI-Tests': 10.0, 'Code-Review': 4.0, 'License': 10.0, 'Security-Policy': 10.0, 'Vulnerabilities': 6.0}",1,8.6,https://www.cve.org/CVERecord?id=CVE-2024-45411,https://github.com/twigphp/Twig/tree/54590ec86b3fc42b907a48903fbb07e7c5a0c881,https://github.com/twigphp/Twig/security/advisories/GHSA-6j75-5wfj-gh66; https://github.com/twigphp/Twig/commit/11f68e2aeb526bfaf638e30d4420d8a710f3f7c6; https://github.com/twigphp/Twig/commit/2102dd135986db79192d26fb5f5817a566e0a7de; https://github.com/twigphp/Twig/commit/7afa198603de49d147e90d18062e7b9addcf5233,,,,,The test scripts are very limited; this CVE was reported externally; the sandbox may not keep running continuously in some cases,1,1,1,,,,,
repo:owasp-modsecurity/modsecurity,9188,https://github.com/owasp-modsecurity/ModSecurity,7.6,"{'Binary-Artifacts': 10.0, 'CI-Tests': 10.0, 'Code-Review': 10.0, 'Dangerous-Workflow': 10.0, 'License': 10.0, 'Pinned-Dependencies': 0.0, 'Security-Policy': 10.0, 'Token-Permissions': 0.0, 'Vulnerabilities': 9.0}",4,7.6,https://www.cve.org/CVERecord?id=CVE-2024-46292; https://www.cve.org/CVERecord?id=CVE-2025-47947; https://www.cve.org/CVERecord?id=CVE-2025-27110; https://www.cve.org/CVERecord?id=CVE-2025-48866,https://github.com/owasp-modsecurity/ModSecurity/tree/865b75b8fa098d72ae8ff9038edac91577cc0630,https://github.com/owasp-modsecurity/ModSecurity/blob/v3/master/README.md; https://github.com/yoloflz101/yoloflz/blob/main/README.md; https://github.com/owasp-modsecurity/ModSecurity/security/advisories/GHSA-859r-vvv8-rm8r; https://github.com/owasp-modsecurity/ModSecurity/pull/3389; https://github.com/owasp-modsecurity/ModSecurity/security/advisories/GHSA-42w7-rmv5-4x2j; https://github.com/owasp-modsecurity/ModSecurity/issues/3340; https://github.com/owasp-modsecurity/ModSecurity/security/advisories/GHSA-f82j-8pp7-cw2w; https://github.com/owasp-modsecurity/ModSecurity/security/advisories/GHSA-859r-vvv8-rm8r; https://github.com/owasp-modsecurity/ModSecurity/commit/3a54ccea62d3f7151bb08cb78d60c5e90b53ca2e; https://github.com/owasp-modsecurity/ModSecurity/wiki/Reference-Manual-(v2.x)#sanitisearg,,,,,,1,,1,The main developer is no longer active,,,1,
repo:ngtcp2/ngtcp2,1334,https://github.com/ngtcp2/ngtcp2,7.6,"{'Binary-Artifacts': 10.0, 'CI-Tests': 10.0, 'Code-Review': 0.0, 'Dangerous-Workflow': 10.0, 'License': 10.0, 'Pinned-Dependencies': 0.0, 'Security-Policy': 10.0, 'Token-Permissions': 10.0, 'Vulnerabilities': 9.0}",1,8.2,https://www.cve.org/CVERecord?id=CVE-2024-52811,https://github.com/ngtcp2/ngtcp2/tree/73f1fd09bb611718c3a0047b95d6dc5f6e9958df,https://github.com/ngtcp2/ngtcp2/security/advisories/GHSA-4gmv-gf46-r4g5; https://github.com/ngtcp2/ngtcp2/commit/44b662bd139c23fee1703bf256c13349e2e624a1; https://github.com/ngtcp2/ngtcp2/commit/e550c1a414318d0f3f01fca1a621ae0b0428ca15,,,,,,1,1,1,,,,,An overflow issue caused the CVE vulnerability
repo:op-tee/optee_os,1765,https://github.com/OP-TEE/optee_os,7.6,"{'Binary-Artifacts': 10.0, 'CI-Tests': 9.0, 'Code-Review': 8.0, 'License': 9.0, 'Security-Policy': 0.0, 'Vulnerabilities': 9.0}",1,7.9,https://www.cve.org/CVERecord?id=CVE-2025-46733,https://github.com/OP-TEE/optee_os/tree/4680bb7c16c09f4cfb324ba1e3ec8df605e22156,https://github.com/OP-TEE/optee_os/security/advisories/GHSA-f35r-hm2m-p6c3; https://github.com/OP-TEE/optee_os/commit/941a58d78c99c4754fbd4ec3079ec9e1d596af8f,,,,1,,,,,,1,,,
repo:rack/rack,5053,https://github.com/rack/rack,7.6,"{'Binary-Artifacts': 10.0, 'CI-Tests': 2.0, 'Code-Review': 5.0, 'Dangerous-Workflow': 10.0, 'License': 9.0, 'Pinned-Dependencies': 0.0, 'Security-Policy': 10.0, 'Token-Permissions': 10.0, 'Vulnerabilities': 7.0}",2,7.5,https://www.cve.org/CVERecord?id=CVE-2025-46727; https://www.cve.org/CVERecord?id=CVE-2025-27610,https://github.com/rack/rack/tree/3d0b9f377a4753d1fca40fca011c2c0e9282ab50,https://github.com/rack/rack/security/advisories/GHSA-gjh7-p2fx-99vx; https://github.com/rack/rack/commit/2bb5263b464b65ba4b648996a579dbd180d2b712; https://github.com/rack/rack/commit/3f5a4249118d09d199fe480466c8c6717e43b6e3; https://github.com/rack/rack/commit/cd6b70a1f2a1016b73dc906f924869f4902c2d74; https://github.com/rack/rack/security/advisories/GHSA-7wqh-767x-r66v; https://github.com/rack/rack/commit/50caab74fa01ee8f5dbdee7bb2782126d20c6583,1,1,"Fewer updates in the past two years, and not many issues",,The test scripts are very limited; this CVE was reported externally; the sandbox may not keep running continuously in some cases,2,,1,,1,,,"A series of high-severity CVEs have appeared recently, mostly related to unsafe parameter boundaries, reflecting lack of testing and maintenance capability"
repo:zulip/zulip,23518,https://github.com/zulip/zulip,7.6,"{'Binary-Artifacts': 10.0, 'CI-Tests': 10.0, 'Code-Review': 9.0, 'Dangerous-Workflow': 10.0, 'License': 10.0, 'Pinned-Dependencies': 0.0, 'Security-Policy': 10.0, 'Token-Permissions': 10.0, 'Vulnerabilities': 0.0}",1,8.2,https://www.cve.org/CVERecord?id=CVE-2025-31478,https://github.com/zulip/zulip/tree/d7761f716320de7210552cef5e0c0ce3920a8afe,https://github.com/zulip/zulip/security/advisories/GHSA-qxfv-j6vg-5rqc,,,,,,,,,,1,1,,Lack of identity checks under specific backend configurations caused this CVE vulnerability
repo:lxc/incus,4158,https://github.com/lxc/incus,7.6,"{'Binary-Artifacts': 10.0, 'CI-Tests': 10.0, 'Code-Review': 10.0, 'Dangerous-Workflow': 10.0, 'License': 10.0, 'Pinned-Dependencies': 0.0, 'Security-Policy': 9.0, 'Token-Permissions': 10.0, 'Vulnerabilities': 0.0}",1,8.1,https://www.cve.org/CVERecord?id=CVE-2025-52890,https://github.com/lxc/incus/tree/2bc2f69d140c131208f16fd934c0fe0459ce398f,https://github.com/lxc/incus/security/advisories/GHSA-p7fw-vjjm-2rwp; https://github.com/lxc/incus/commit/254dfd2483ab8de39b47c2258b7f1cf0759231c8,,,,,,1,,1,,,,,"This CVE was reported externally; in some cases certain judgments and checks can be skipped, leading to a CVE vulnerability"
repo:denoland/std,3463,https://github.com/denoland/std,7.6,"{'Binary-Artifacts': 10.0, 'CI-Tests': 10.0, 'Code-Review': 10.0, 'Dangerous-Workflow': 10.0, 'License': 10.0, 'Pinned-Dependencies': 0.0, 'Security-Policy': 10.0, 'Token-Permissions': 0.0, 'Vulnerabilities': 9.0}",1,7.3,https://www.cve.org/CVERecord?id=CVE-2025-55195,https://github.com/denoland/std/tree/9ad71ee1781c76df602658fcffdebb9e9197b7d8,https://github.com/denoland/std/security/advisories/GHSA-crjp-8r9q-2j9r; https://github.com/denoland/std/commit/540662cfd6d71e969af292aa604ef4049dbe271b; https://github.com/denoland/std/releases/tag/release-2025.08.13,,,,1,The test scripts are very limited; this CVE was reported externally; untrusted data is merged with empty data causing data contamination (CVE),1,,1,The main developer is becoming less and less active,,,,
repo:netty/netty,34474,https://github.com/netty/netty,7.6,"{'Binary-Artifacts': 9.0, 'CI-Tests': 4.0, 'Code-Review': 4.0, 'Dangerous-Workflow': 10.0, 'License': 10.0, 'Pinned-Dependencies': 0.0, 'Security-Policy': 10.0, 'Token-Permissions': 10.0, 'Vulnerabilities': 8.0}",2,7.85,https://www.cve.org/CVERecord?id=CVE-2025-55163; https://www.cve.org/CVERecord?id=CVE-2025-24970,https://github.com/netty/netty/tree/d4881d0b8c89213c6e46e8ae3fc3bd1bc98825b6,https://github.com/netty/netty/security/advisories/GHSA-prj3-ccx8-p6x4; https://github.com/netty/netty/security/advisories/GHSA-4g8c-wm8x-jfhw; https://github.com/netty/netty/commit/87f40725155b2f89adfde68c7732f97c153676c4,,,,,The test scripts are very limited; this CVE was reported externally; failure to handle abnormal packets caused a crash,1,,1,One main developer is basically no longer active,1,,,One of the CVE vulnerabilities is from a specific backend;
repo:discourse/discourse,45173,https://github.com/discourse/discourse,7.5,"{'Binary-Artifacts': 8.0, 'CI-Tests': 10.0, 'Code-Review': 10.0, 'Dangerous-Workflow': 10.0, 'License': 10.0, 'Pinned-Dependencies': 0.0, 'Security-Policy': 10.0, 'Token-Permissions': 10.0, 'Vulnerabilities': 0.0}",11,8,https://www.cve.org/CVERecord?id=CVE-2024-43789; https://www.cve.org/CVERecord?id=CVE-2024-47773; https://www.cve.org/CVERecord?id=CVE-2024-45051; https://www.cve.org/CVERecord?id=CVE-2024-55948; https://www.cve.org/CVERecord?id=CVE-2024-53991; https://www.cve.org/CVERecord?id=CVE-2025-23023; https://www.cve.org/CVERecord?id=CVE-2025-53102; https://www.cve.org/CVERecord?id=CVE-2025-48954; https://www.cve.org/CVERecord?id=CVE-2025-48877; https://www.cve.org/CVERecord?id=CVE-2025-48062; https://www.cve.org/CVERecord?id=CVE-2025-48053,https://github.com/discourse/discourse/tree/7b89fdead98606d4f47ceb0a1d240d0f6e5f589e,https://github.com/discourse/discourse/security/advisories/GHSA-62cq-cpmc-hvqq; https://github.com/discourse/discourse/security/advisories/GHSA-58vv-9j8h-hw2v; https://github.com/discourse/discourse/security/advisories/GHSA-2vjv-pgh4-6rmq; https://github.com/discourse/discourse/security/advisories/GHSA-2352-252q-qc82; https://github.com/discourse/discourse/security/advisories/GHSA-567m-82f6-56rv; https://github.com/discourse/discourse/security/advisories/GHSA-5h4h-2f46-r3c7; https://github.com/discourse/discourse/security/advisories/GHSA-hv49-93h5-4wcv; https://github.com/discourse/discourse/commit/20bf65099bb861a141bc10e8a4eab65329d91802; https://github.com/discourse/discourse/commit/8bc0cee2c00a514ea60f33ea6172da2ce5a05beb; https://github.com/discourse/discourse/security/advisories/GHSA-26p5-mjjh-wfcf; https://github.com/discourse/discourse/security/advisories/GHSA-cm93-6m2m-cjcv; https://github.com/discourse/discourse/security/advisories/GHSA-x8mp-chx3-6x2p; https://github.com/discourse/discourse/security/advisories/GHSA-3q5q-qmrm-rvwx,,,,1,Limited test scripts; not many relevant tests found,,,1,Many main developers have become inactive in recent years; it looks like they have shifted their interests,1,,,Multiple CVE reports about cache poisoning and DoS reflect a lack of checks on payloads and related content
repo:inventree/inventree,5791,https://github.com/inventree/InvenTree,7.5,"{'Binary-Artifacts': 10.0, 'CI-Tests': 10.0, 'Code-Review': 4.0, 'Dangerous-Workflow': 10.0, 'License': 10.0, 'Pinned-Dependencies': 8.0, 'Security-Policy': 10.0, 'Token-Permissions': 9.0, 'Vulnerabilities': 0.0}",1,7.3,https://www.cve.org/CVERecord?id=CVE-2024-47610,https://github.com/inventree/InvenTree/tree/a102e178d1ab8ece00c1019c811d1f0b933a1b0e,https://github.com/inventree/InvenTree/security/advisories/GHSA-wp3m-jhgv-rhqr; https://github.com/inventree/InvenTree/commit/6e37f0cd8ba5fc527412f18f66cd6a37015fa690,,,,1,Very few test cases,1,1,,,1,,,An implementation error caused an authentication bypass CVE vulnerability
repo:envoyproxy/envoy,26626,https://github.com/envoyproxy/envoy,7.5,"{'Binary-Artifacts': 8.0, 'CI-Tests': 10.0, 'Code-Review': 10.0, 'Dangerous-Workflow': 10.0, 'License': 10.0, 'Pinned-Dependencies': 0.0, 'Security-Policy': 10.0, 'Token-Permissions': 10.0, 'Vulnerabilities': 0.0}",3,7.37,https://www.cve.org/CVERecord?id=CVE-2024-45807; https://www.cve.org/CVERecord?id=CVE-2024-53270; https://www.cve.org/CVERecord?id=CVE-2024-53271,https://github.com/envoyproxy/envoy/tree/45dc2810e1216576eaebe047f4efe6b5a63eb0c9,https://github.com/envoyproxy/envoy/security/advisories/GHSA-qc52-r4x5-9w37; https://github.com/envoyproxy/envoy/security/advisories/GHSA-q9qv-8j52-77p3; https://github.com/envoyproxy/envoy/pull/37743/commits/6cf8afda956ba67c9afad185b962325a5242ef02; https://github.com/envoyproxy/envoy/security/advisories/GHSA-rmm5-h2wv-mg4f; https://github.com/envoyproxy/envoy/commit/da56f6da63079baecef9183436ee5f4141a59af8,,,,,,,,1,,1,,,"CVEs revolve around crashes and failures; for some cases it is hard to determine the exact cause, so the corresponding operators can only be disabled"
repo:typo3/typo3,1136,https://github.com/TYPO3/typo3,7.5,"{'Binary-Artifacts': 10.0, 'Code-Review': 10.0, 'License': 10.0, 'Security-Policy': 10.0, 'Vulnerabilities': 0.0}",4,7.47,https://www.cve.org/CVERecord?id=CVE-2024-55924; https://www.cve.org/CVERecord?id=CVE-2024-55921; https://www.cve.org/CVERecord?id=CVE-2025-47941; https://www.cve.org/CVERecord?id=CVE-2025-47940,https://github.com/TYPO3/typo3/tree/633ded6c60540b6ad8fd4ca7b2adf792ba656ae2,https://github.com/TYPO3/typo3/security/advisories/GHSA-7835-fcv3-g256; https://github.com/TYPO3/typo3/security/advisories/GHSA-4g52-pq8j-6qv5; https://github.com/TYPO3/typo3/security/advisories/GHSA-744g-7qm9-hjh9; https://github.com/TYPO3/typo3/security/advisories/GHSA-6frx-j292-c844,,,,1,Lack of a dedicated test folder,,,,,1,,,No place to report issues; multiple CVE vulnerabilities related to validation and permissions
repo:moscajs/aedes,1888,https://github.com/moscajs/aedes,7.5,"{'Binary-Artifacts': 10.0, 'CI-Tests': 0.0, 'Code-Review': 3.0, 'Dangerous-Workflow': 10.0, 'License': 10.0, 'Pinned-Dependencies': 0.0, 'Security-Policy': 10.0, 'Token-Permissions': 9.0, 'Vulnerabilities': 10.0}",1,7.5,https://www.cve.org/CVERecord?id=CVE-2024-48080,https://github.com/moscajs/aedes/tree/d0c441404a76f8602fb72f22aad2dd953ec4ca3d,https://gist.github.com/pengwGit/cd3c1701a9e05b424fa6c60d86845de4; https://github.com/moscajs/aedes/releases/tag/v0.51.2; https://github.com/moscajs/aedes/issues/1024; https://gist.github.com/mcollina/f06af2098665e4bb8372104425f3999e; https://github.com/moscajs/aedes/issues/1024#issuecomment-2671695219,1,1,,,,1,1,1,One of the main developers is no longer active,,,1,The developer believes this CVE is not a vulnerability; many open bugs are unresolved
repo:keras-team/keras,63437,https://github.com/keras-team/keras,7.5,"{'Binary-Artifacts': 10.0, 'CI-Tests': 8.0, 'Code-Review': 10.0, 'Dangerous-Workflow': 10.0, 'License': 10.0, 'Pinned-Dependencies': 0.0, 'Security-Policy': 10.0, 'Token-Permissions': 9.0, 'Vulnerabilities': 0.0}",2,7.95,https://www.cve.org/CVERecord?id=CVE-2025-8747; https://www.cve.org/CVERecord?id=CVE-2025-1550,https://github.com/keras-team/keras/tree/8b1ca959bd23d68848eed58f337cf3d25b00f9aa,https://github.com/keras-team/keras/pull/21429; https://github.com/keras-team/keras/pull/20751,,,,,,1,,1,One of the main developers is gradually becoming inactive,,,,API model loading allows arbitrary code execution
repo:rommapp/romm,6550,https://github.com/rommapp/romm,7.5,"{'Binary-Artifacts': 10.0, 'CI-Tests': 10.0, 'Code-Review': 8.0, 'Dangerous-Workflow': 10.0, 'License': 10.0, 'Pinned-Dependencies': 0.0, 'Security-Policy': 10.0, 'Token-Permissions': 10.0, 'Vulnerabilities': 0.0}",2,8.85,https://www.cve.org/CVERecord?id=CVE-2025-54071; https://www.cve.org/CVERecord?id=CVE-2025-53908,https://github.com/rommapp/romm/tree/c76169454df99ad85dd5ef998fe617977d458b64,https://github.com/rommapp/romm/security/advisories/GHSA-fgxf-hggc-qqmq; https://github.com/rommapp/romm/commit/89248d03805e5fabca78443dd202ff32e0b4d9f3; https://github.com/rommapp/romm/security/advisories/GHSA-fx9g-xw4j-jwc3; https://github.com/rommapp/romm/commit/7c94cb05e74ddb6a6af7b82320686c01754e9966; https://github.com/rommapp/romm/commit/baa1a9759079c36e36a9f10c920c46b57d0b6151; https://github.com/rommapp/romm/blob/4.0.0-beta.2/backend/endpoints/raw.py#L31,,,,,,3,1,1,One of the main developers is gradually becoming inactive,,,,"CVEs revolve around execution and permission issues, reflecting the team’s lack of relevant experience"
repo:envoyproxy/gateway,2114,https://github.com/envoyproxy/gateway,7.5,"{'Binary-Artifacts': 10.0, 'CI-Tests': 10.0, 'Code-Review': 10.0, 'Dangerous-Workflow': 10.0, 'License': 10.0, 'Pinned-Dependencies': 9.0, 'Security-Policy': 0.0, 'Token-Permissions': 9.0, 'Vulnerabilities': 0.0}",1,7.1,https://www.cve.org/CVERecord?id=CVE-2025-24030,https://github.com/envoyproxy/gateway/tree/c20315f554e9522b9f98f337dcb5747b1e8f3495,https://github.com/envoyproxy/gateway/security/advisories/GHSA-j777-63hf-hx76; https://github.com/envoyproxy/gateway/commit/3eb3301ab3dbf12b201b47bdb6074d1233be07bd,,,,1,The test files are relatively thin/shallow,,,,,,,,
repo:limesurvey/limesurvey,3362,https://github.com/LimeSurvey/LimeSurvey,7.4,"{'Binary-Artifacts': 9.0, 'CI-Tests': 1.0, 'Code-Review': 3.0, 'License': 9.0, 'Security-Policy': 10.0, 'Vulnerabilities': 10.0}",1,8.8,https://www.cve.org/CVERecord?id=CVE-2024-42902,https://github.com/LimeSurvey/LimeSurvey/tree/d2ef86cea52313750ed77d0bcf875d27551a8d97,https://github.com/LimeSurvey/LimeSurvey/blob/6434b12ded1c4b6516200c453441d0896e11eee0/vendor/kcfinder/js_localize.php#L19; https://github.com/sysentr0py/CVEs/tree/main/CVE-2024-42902,,1,Low commit frequency; the community is not very active,,,,,1,,,,,The project has no place to submit issues
repo:craftcms/cms,3483,https://github.com/craftcms/cms,7.4,"{'Binary-Artifacts': 10.0, 'CI-Tests': 4.0, 'Code-Review': 2.0, 'License': 9.0, 'Security-Policy': 10.0, 'Vulnerabilities': 9.0}",7,8.3,https://www.cve.org/CVERecord?id=CVE-2024-56145; https://www.cve.org/CVERecord?id=CVE-2024-52292; https://www.cve.org/CVERecord?id=CVE-2024-52291; https://www.cve.org/CVERecord?id=CVE-2024-52293; https://www.cve.org/CVERecord?id=CVE-2025-23209; https://www.cve.org/CVERecord?id=CVE-2025-46731; https://www.cve.org/CVERecord?id=CVE-2025-32432,https://github.com/craftcms/cms/tree/861123e2bb54fad2b810e2c26042cc00f38f110b,https://github.com/craftcms/cms/security/advisories/GHSA-2p6p-9rc9-62j9; https://github.com/craftcms/cms/commit/82e893fb794d30563da296bca31379c0df0079b3; https://github.com/craftcms/cms/security/advisories/GHSA-cw6g-qmjq-6w2w; https://github.com/craftcms/cms/security/advisories/GHSA-jrh5-vhr9-qh7q; https://github.com/craftcms/cms/security/advisories/GHSA-f3cw-hg6r-chfv; https://github.com/craftcms/cms/commit/123e48a696de1e2f63ab519d4730eb3b87beaa58; https://github.com/craftcms/cms/security/advisories/GHSA-x684-96hh-833x; https://github.com/craftcms/cms/commit/e59e22b30c9dd39e5e2c7fe02c147bcbd004e603; https://github.com/craftcms/cms/security/advisories/GHSA-7c58-g782-9j38; https://github.com/craftcms/cms/security/advisories/GHSA-f3cw-hg6r-chfv; http://github.com/craftcms/cms/pull/17026; https://github.com/craftcms/cms/security/advisories/GHSA-f3gw-9ww9-jmc3; https://github.com/craftcms/cms/commit/e1c85441fa47eeb7c688c2053f25419bc0547b47; https://github.com/craftcms/cms/blob/3.x/CHANGELOG.md#3915---2025-04-10-critical; https://github.com/craftcms/cms/blob/4.x/CHANGELOG.md#41415---2025-04-10-critical; https://github.com/craftcms/cms/blob/5.x/CHANGELOG.md#5617---2025-04-10-critical,,,,,,1,,1,,1,,,Remote vulnerabilities and remote code execution CVEs
repo:ericsson/codechecker,2457,https://github.com/Ericsson/codechecker,7.4,"{'Binary-Artifacts': 10.0, 'CI-Tests': 2.0, 'Code-Review': 10.0, 'Dangerous-Workflow': 10.0, 'License': 10.0, 'Pinned-Dependencies': 0.0, 'Security-Policy': 10.0, 'Token-Permissions': 10.0, 'Vulnerabilities': 0.0}",3,8.97,https://www.cve.org/CVERecord?id=CVE-2024-10082; https://www.cve.org/CVERecord?id=CVE-2024-10081; https://www.cve.org/CVERecord?id=CVE-2024-53829,https://github.com/Ericsson/codechecker/tree/c513c78e04e218fe0852177cfe2c385a08d9c2f1,https://github.com/Ericsson/codechecker/security/advisories/GHSA-fpm5-2wcj-vfr7; https://github.com/Ericsson/codechecker/security/advisories/GHSA-f3f8-vx3w-hp5q; https://github.com/Ericsson/codechecker/security/advisories/GHSA-f8c8-4pm7-w885,,,,1,"Limited test scripts; not many relevant tests found; a URL with a specific ending causes unauthorized operations, reflecting lack of relevant tests and checks",1,,1,One of the main developers is no longer active,,,1,
repo:cloudflare/pingora,25175,https://github.com/cloudflare/pingora,7.4,"{'Binary-Artifacts': 10.0, 'CI-Tests': 6.0, 'Code-Review': 10.0, 'Dangerous-Workflow': 10.0, 'License': 10.0, 'Pinned-Dependencies': 0.0, 'Security-Policy': 10.0, 'Token-Permissions': 0.0, 'Vulnerabilities': 9.0}",1,7.4,https://www.cve.org/CVERecord?id=CVE-2025-4366,https://github.com/cloudflare/pingora/tree/acffb8aaf2a76e3ab8a4db698ed2f151cfb64566,https://github.com/cloudflare/pingora,,,,1,Lack of a dedicated test folder; this CVE was reported externally,1,,1,The second main developer is gradually becoming inactive,,,1,
repo:argoproj/argo-events,2561,https://github.com/argoproj/argo-events,7.4,"{'Binary-Artifacts': 9.0, 'CI-Tests': 0.0, 'Code-Review': 10.0, 'Dangerous-Workflow': 10.0, 'License': 10.0, 'Pinned-Dependencies': 3.0, 'Security-Policy': 10.0, 'Token-Permissions': 10.0, 'Vulnerabilities': 0.0}",1,10,https://www.cve.org/CVERecord?id=CVE-2025-32445,https://github.com/argoproj/argo-events/tree/024cf339efc5b65f40c3ecd2626fd800185dc3f2,https://github.com/argoproj/argo-events/security/advisories/GHSA-hmp7-x699-cvhq; https://github.com/argoproj/argo-events/commit/18412293a699f559848b00e6e459c9ce2de0d3e2,,1,Low commit frequency; the community is not very active,1,Limited test scripts,1,,1,Several main developers are gradually becoming inactive,,,1,
repo:wolfssl/wolfssl,2610,https://github.com/wolfSSL/wolfssl,7.4,"{'Binary-Artifacts': 10.0, 'CI-Tests': 9.0, 'Code-Review': 10.0, 'Dangerous-Workflow': 10.0, 'License': 10.0, 'Pinned-Dependencies': 0.0, 'Security-Policy': 10.0, 'Token-Permissions': 0.0, 'Vulnerabilities': 8.0}",2,8.1,https://www.cve.org/CVERecord?id=CVE-2025-7394; https://www.cve.org/CVERecord?id=CVE-2025-7395,https://github.com/wolfSSL/wolfssl/tree/70caed572a8cfd18b3e62c1158aa5302353dd56e,https://github.com/wolfSSL/wolfssl/blob/master/ChangeLog.md#wolfssl-release-582-july-17-2025; http://github.com/wolfssl/wolfssl.git,,,,,Limited test-script capability; this CVE was reported externally; on certain platforms incorrect certificate chain coverage caused the CVE vulnerability,,,,,,1,,
repo:martinvonz/jj,20578,https://github.com/martinvonz/jj,7.3,"{'Binary-Artifacts': 10.0, 'CI-Tests': 10.0, 'Code-Review': 10.0, 'Dangerous-Workflow': 10.0, 'License': 10.0, 'Pinned-Dependencies': 10.0, 'Security-Policy': 10.0, 'Token-Permissions': 0.0, 'Vulnerabilities': 0.0}",1,9.3,https://www.cve.org/CVERecord?id=CVE-2024-51990,https://github.com/jj-vcs/jj/tree/781351e4d0024bedf0b09dd416ca9b0977b12b69,https://github.com/martinvonz/jj/security/advisories/GHSA-88h5-6w7m-5w56,,,,,,1,,,,,1,,Many open issues are not closed; design/implementation issues caused a CVE vulnerability that writes files outside of clone
repo:contiki-ng/contiki-ng,1442,https://github.com/contiki-ng/contiki-ng,7.3,"{'Binary-Artifacts': 10.0, 'CI-Tests': 1.0, 'Code-Review': 10.0, 'Dangerous-Workflow': 10.0, 'License': 10.0, 'Pinned-Dependencies': 0.0, 'Security-Policy': 10.0, 'Token-Permissions': 0.0, 'Vulnerabilities': 10.0}",3,8.1,https://www.cve.org/CVERecord?id=CVE-2024-47181; https://www.cve.org/CVERecord?id=CVE-2024-41125; https://www.cve.org/CVERecord?id=CVE-2024-41126,https://github.com/contiki-ng/contiki-ng/tree/ab93da851f42be08168bbc3df94997f469d8e4dc,https://github.com/contiki-ng/contiki-ng/security/advisories/GHSA-crjw-x84h-h6x3; https://github.com/contiki-ng/contiki-ng/pull/2962; https://github.com/contiki-ng/contiki-ng/security/advisories/GHSA-qjj3-gqx7-438w; https://github.com/contiki-ng/contiki-ng/pull/2936; https://github.com/contiki-ng/contiki-ng/security/advisories/GHSA-444j-93j3-5gj4; https://github.com/contiki-ng/contiki-ng/pull/2937,,,The community is not very active and there are not many issues,1,Limited test-script capability; this CVE was reported externally; lack of out-of-bounds input checks caused the CVE vulnerability,1,,1,Several main developers are gradually becoming inactive; the most active one went into academia,1,,1,There are many unresolved open issues (open for more than a year)
repo:go-git/go-git,6876,https://github.com/go-git/go-git,7.3,"{'Binary-Artifacts': 10.0, 'CI-Tests': 1.0, 'Code-Review': 8.0, 'Dangerous-Workflow': 10.0, 'License': 10.0, 'Pinned-Dependencies': 1.0, 'Security-Policy': 10.0, 'Token-Permissions': 9.0, 'Vulnerabilities': 2.0}",2,8.35,https://www.cve.org/CVERecord?id=CVE-2025-21614; https://www.cve.org/CVERecord?id=CVE-2025-21613,https://github.com/go-git/go-git/tree/9ddc20dce672b23b3ac72ab2fabb8ca7c6e8741c,https://github.com/go-git/go-git/security/advisories/GHSA-r9px-m959-cxf4; https://github.com/go-git/go-git/security/advisories/GHSA-v725-9546-7q7m,,,,,Lack of a dedicated test folder; this CVE was reported externally; a crafted response caused a DoS CVE vulnerability,1,1,1,A large loss of active developers in the past two years,,1,,Many open issues are unresolved
repo:open-telemetry/opentelemetry-dotnet,3569,https://github.com/open-telemetry/opentelemetry-dotnet,7.3,"{'Binary-Artifacts': 10.0, 'CI-Tests': 3.0, 'Code-Review': 10.0, 'Dangerous-Workflow': 10.0, 'License': 10.0, 'Pinned-Dependencies': 0.0, 'Security-Policy': 10.0, 'Token-Permissions': 0.0, 'Vulnerabilities': 9.0}",1,7.5,https://www.cve.org/CVERecord?id=CVE-2025-27513,https://github.com/open-telemetry/opentelemetry-dotnet/tree/685b73d3ac7a4d4f0b6d658650f93fb1ad166e40,https://github.com/open-telemetry/opentelemetry-dotnet/security/advisories/GHSA-8785-wc3w-h8q6; https://github.com/open-telemetry/opentelemetry-dotnet/commit/1b555c1201413f2f55f2cd3c4ba03ef4b615b6b5,,1,Low commit frequency; the community is not very active,,,1,,1,,,,,"An implementation issue caused a specific header to trigger high CPU usage, further leading to a DoS CVE vulnerability"
repo:michaelrsweet/htmldoc,237,https://github.com/michaelrsweet/htmldoc,7.2,"{'Binary-Artifacts': 10.0, 'Code-Review': 0.0, 'License': 10.0, 'Security-Policy': 10.0, 'Vulnerabilities': 9.0}",2,9.8,https://www.cve.org/CVERecord?id=CVE-2024-46478; https://www.cve.org/CVERecord?id=CVE-2024-45508,https://github.com/michaelrsweet/htmldoc/tree/2d5b2ab9ddbf2aee2209010cebc11efdd1cab6e2,https://github.com/michaelrsweet/htmldoc/issues/529; https://github.com/michaelrsweet/htmldoc/commit/683bec548e642cf4a17e003fb34f6bbaf2d27b98; https://github.com/michaelrsweet/htmldoc/issues/528; https://github.com/michaelrsweet/htmldoc/commit/2d5b2ab9ddbf2aee2209010cebc11efdd1cab6e2; https://github.com/michaelrsweet/htmldoc/blob/2d5b2ab9ddbf2aee2209010cebc11efdd1cab6e2/CHANGES.md,,1,Low commit frequency; the community is not very active,,Lack of a dedicated test folder; this CVE was reported externally; a buffer overflow caused a crash,1,1,,"There is only one main developer, who is probably quite old",,,,
repo:electron/electron,118491,https://github.com/electron/electron,7.2,"{'Binary-Artifacts': 10.0, 'CI-Tests': 10.0, 'Code-Review': 10.0, 'Dangerous-Workflow': 10.0, 'License': 10.0, 'Pinned-Dependencies': 9.0, 'Security-Policy': 10.0, 'Token-Permissions': 0.0, 'Vulnerabilities': 0.0}",1,7.8,https://www.cve.org/CVERecord?id=CVE-2024-46992,https://github.com/electron/electron/tree/c41a28d7c850df00118b31aec67b0941cd0471eb,https://github.com/electron/electron/security/advisories/GHSA-xw5q-g62x-2qjc,,,,,"Lack of a dedicated test folder; this CVE is an unauthorized-access vulnerability reported externally, reflecting insufficient testing capability",,,1,The most important developer is no longer active,1,,,
repo:academysoftwarefoundation/openimageio,2173,https://github.com/AcademySoftwareFoundation/OpenImageIO,7.2,"{'Binary-Artifacts': 10.0, 'CI-Tests': 4.0, 'Code-Review': 4.0, 'Dangerous-Workflow': 10.0, 'License': 10.0, 'Pinned-Dependencies': 6.0, 'Security-Policy': 10.0, 'Token-Permissions': 0.0, 'Vulnerabilities': 10.0}",3,9.03,https://www.cve.org/CVERecord?id=CVE-2024-55195; https://www.cve.org/CVERecord?id=CVE-2024-55192; https://www.cve.org/CVERecord?id=CVE-2024-55194,https://github.com/AcademySoftwareFoundation/OpenImageIO/tree/101f9508e15207598fc333e370adbfacee955f87,https://github.com/AcademySoftwareFoundation/OpenImageIO/issues/4553; https://github.com/AcademySoftwareFoundation/OpenImageIO/issues/4550; https://github.com/AcademySoftwareFoundation/OpenImageIO/issues/4552,,,,,,1,,,There is only one main developer,,,,
repo:rpgp/rpgp,944,https://github.com/rpgp/rpgp,7.2,"{'Binary-Artifacts': 10.0, 'CI-Tests': 4.0, 'Code-Review': 8.0, 'Dangerous-Workflow': 10.0, 'License': 10.0, 'Pinned-Dependencies': 0.0, 'Security-Policy': 10.0, 'Token-Permissions': 0.0, 'Vulnerabilities': 10.0}",2,7.5,https://www.cve.org/CVERecord?id=CVE-2024-53856; https://www.cve.org/CVERecord?id=CVE-2024-53857,https://github.com/rpgp/rpgp/tree/ab25cb4736405e7473a75e6ebd6c45e19889fdd2,https://github.com/rpgp/rpgp/security/advisories/GHSA-9rmp-2568-59rv; https://github.com/rpgp/rpgp/security/advisories/GHSA-4grw-m28r-q285,,1,Low commit frequency; the community is not very active,,,1,,,,,1,1,This CVE was reported externally
repo:kyverno/kyverno,6932,https://github.com/kyverno/kyverno,7.2,"{'Binary-Artifacts': 10.0, 'CI-Tests': 10.0, 'Code-Review': 10.0, 'Dangerous-Workflow': 10.0, 'License': 10.0, 'Pinned-Dependencies': 10.0, 'Security-Policy': 9.0, 'Token-Permissions': 0.0, 'Vulnerabilities': 0.0}",3,8.33,https://www.cve.org/CVERecord?id=CVE-2024-48921; https://www.cve.org/CVERecord?id=CVE-2025-47281; https://www.cve.org/CVERecord?id=CVE-2025-46342,https://github.com/kyverno/kyverno/tree/f69925024695827036075a6acd3e966cb5854d9a,https://github.com/kyverno/kyverno/security/advisories/GHSA-qjvc-p88j-j9rm; https://github.com/kyverno/kyverno/security/advisories/GHSA-r5p3-955p-5ggq; https://github.com/kyverno/kyverno/commit/cbd7d4ca24de1c55396fc3295e9fc3215832be7c; https://github.com/kyverno/kyverno/security/advisories/GHSA-jrr2-x33p-6hvc; https://github.com/kyverno/kyverno/commit/3ff923b7756e1681daf73849954bd88516589194,,,,,,1,,1,,1,,,Lack of error propagation and parameter checking caused the CVE vulnerability
repo:yt-dlp/yt-dlp,128980,https://github.com/yt-dlp/yt-dlp,7.2,"{'Binary-Artifacts': 10.0, 'CI-Tests': 4.0, 'Code-Review': 7.0, 'Dangerous-Workflow': 10.0, 'License': 10.0, 'Pinned-Dependencies': 0.0, 'Security-Policy': 0.0, 'Token-Permissions': 9.0, 'Vulnerabilities': 9.0}",1,7.5,https://www.cve.org/CVERecord?id=CVE-2025-54072,https://github.com/yt-dlp/yt-dlp/tree/7e41628ff523b3fe373b0981a5db441358980dab,https://github.com/yt-dlp/yt-dlp/security/advisories/GHSA-45hg-7f49-5h56; https://github.com/yt-dlp/yt-dlp/commit/959ac99e98c3215437e573c22d64be42d361e863; https://github.com/yt-dlp/yt-dlp/releases/tag/2025.07.21,,,,,Missing filtering mechanism caused a bypass CVE vulnerability,1,,1,,,,,
repo:apollographql/apollo-rs,593,https://github.com/apollographql/apollo-rs,7.2,"{'Binary-Artifacts': 10.0, 'CI-Tests': 2.0, 'Code-Review': 9.0, 'Dangerous-Workflow': 10.0, 'License': 10.0, 'Pinned-Dependencies': 0.0, 'Security-Policy': 10.0, 'Token-Permissions': 0.0, 'Vulnerabilities': 10.0}",1,7.5,https://www.cve.org/CVERecord?id=CVE-2025-31496,https://github.com/apollographql/apollo-rs/tree/6aa62a55ee6cd43cd9cf7dc23960d68ac96c93ea,https://github.com/apollographql/apollo-rs/security/advisories/GHSA-7mpv-9xg6-5r79; https://github.com/apollographql/apollo-rs/pull/952,,,Very few issues; the community is not very active,,,1,,1,Several main developers are gradually becoming inactive,,,,Compiler overhead issue caused a DoS CVE vulnerability
repo:tukaani-project/xz,835,https://github.com/tukaani-project/xz,7.2,"{'Binary-Artifacts': 10.0, 'Code-Review': 0.0, 'License': 9.0, 'Security-Policy': 10.0, 'Vulnerabilities': 9.0}",1,8.7,https://www.cve.org/CVERecord?id=CVE-2025-31115,https://github.com/tukaani-project/xz/tree/5e375987509fab484b7bef0b90be92f241c58c91,https://github.com/tukaani-project/xz/security/advisories/GHSA-6cc8-p5mm-29w2; https://github.com/tukaani-project/xz/commit/d5a2ffe41bb77b918a8c96084885d4dbe4bf6480,1,1,Low commit frequency; very few issues; the community is not very active,,,1,1,,,,,,This CVE is a crash issue caused by improper handling of invalid input
repo:eclipse-omr/omr,967,https://github.com/eclipse-omr/omr,7.2,"{'Binary-Artifacts': 10.0, 'CI-Tests': 6.0, 'Code-Review': 10.0, 'Dangerous-Workflow': 10.0, 'License': 9.0, 'Pinned-Dependencies': 0.0, 'Security-Policy': 10.0, 'Token-Permissions': 0.0, 'Vulnerabilities': 8.0}",1,7.1,https://www.cve.org/CVERecord?id=CVE-2025-1471,https://github.com/eclipse-omr/omr/tree/31b912e5210bea15c4f8ef3630a34d79ba0aca11,https://github.com/eclipse-omr/omr/pull/7658,,,,,"This CVE is a crash issue caused by improper handling of buffer overflows, reflecting limitations of the test files",,,1,Several main developers have left; repo activity has declined,,1,1,
repo:cacti/cacti,1759,https://github.com/Cacti/cacti,7.2,"{'Binary-Artifacts': 10.0, 'Code-Review': 0.0, 'Dangerous-Workflow': 10.0, 'License': 10.0, 'Pinned-Dependencies': 0.0, 'Security-Policy': 10.0, 'Token-Permissions': 10.0, 'Vulnerabilities': 7.0}",6,7.92,https://www.cve.org/CVERecord?id=CVE-2024-43362; https://www.cve.org/CVERecord?id=CVE-2024-43363; https://www.cve.org/CVERecord?id=CVE-2024-54146; https://www.cve.org/CVERecord?id=CVE-2025-26520; https://www.cve.org/CVERecord?id=CVE-2025-22604; https://www.cve.org/CVERecord?id=CVE-2025-24367,https://github.com/Cacti/cacti/tree/eca52c6bb3e76c55d66b1040baa6dbf37471a0ae,https://github.com/Cacti/cacti/security/advisories/GHSA-wh9c-v56x-v77c; https://github.com/Cacti/cacti/security/advisories/GHSA-gxq4-mv8h-6qj4; https://github.com/Cacti/cacti/security/advisories/GHSA-vj9g-p7f2-4wqj; https://github.com/Cacti/cacti/commit/c7e4ee798d263a3209ae6e7ba182c7b65284d8f0; https://github.com/Cacti/cacti/pull/6096; https://github.com/Cacti/cacti/commit/7fa60c03ad4a69c701ac6b77c85a8927df7acd51; https://github.com/Cacti/cacti/security/advisories/GHSA-c5j8-jxj3-hh36; https://github.com/Cacti/cacti/commit/c7e4ee798d263a3209ae6e7ba182c7b65284d8f0; https://github.com/Cacti/cacti/security/advisories/GHSA-fxrq-fr7h-9rqq; https://github.com/Cacti/cacti/commit/c7e4ee798d263a3209ae6e7ba182c7b65284d8f0,,,,,,1,,1,Only one of the main developers remains active,1,,,"Multiple SQL injection, XSS and other attacks were reported within a year, reflecting systematic security management issues in this library"
repo:fastify/fastify-multipart,522,https://github.com/fastify/fastify-multipart,7.2,"{'Binary-Artifacts': 10.0, 'CI-Tests': 0.0, 'Code-Review': 5.0, 'Dangerous-Workflow': 10.0, 'License': 9.0, 'Security-Policy': 10.0, 'Token-Permissions': 0.0, 'Vulnerabilities': 10.0}",1,7.5,https://www.cve.org/CVERecord?id=CVE-2025-24033,https://github.com/fastify/fastify-multipart/tree/cd747de0c2b280fda475a3dc82876668ec594895,https://github.com/fastify/fastify-multipart/security/advisories/GHSA-27c6-mcxv-x3fh; https://github.com/fastify/fastify-multipart/issues/546; https://github.com/fastify/fastify-multipart/pull/567,,1,Low commit frequency; the community is not very active,,,1,,1,,,,,"A CVE where stopping uploads does not delete temporary files, reflecting insufficient exception handling"
repo:git-ecosystem/git-credential-manager,8125,https://github.com/git-ecosystem/git-credential-manager,7.1,"{'Binary-Artifacts': 10.0, 'CI-Tests': 0.0, 'Code-Review': 10.0, 'Dangerous-Workflow': 10.0, 'License': 9.0, 'Pinned-Dependencies': 0.0, 'Security-Policy': 10.0, 'Token-Permissions': 0.0, 'Vulnerabilities': 9.0}",1,7.4,https://www.cve.org/CVERecord?id=CVE-2024-50338,https://github.com/git-ecosystem/git-credential-manager/tree/415adfe4019414bee9630f39ff672ef7a4f350e8,https://github.com/git-ecosystem/git-credential-manager/security/advisories/GHSA-86c2-4x57-wc8g; https://github.com/dotnet/runtime/blob/e476b43b5cb42eb44ce23b1c7b793aa361624cf6/src/libraries/System.Private.CoreLib/src/System/IO/StreamReader.cs#L926; https://github.com/git-ecosystem/git-credential-manager/blob/ae009e11a0fbef804ad9f78816d84a0bc7e052fe/src/shared/Core/StreamExtensions.cs#L138-L141; https://github.com/git-ecosystem/git-credential-manager/compare/749e287571c78a2b61f926ccce6a707050871ab8...99e2f7f60e7364fe807e7925f361a81f3c47bd1b; https://github.com/git-ecosystem/git-credential-manager/releases/tag/v2.6.1; https://github.com/git/git/blob/6a11438f43469f3815f2f0fc997bd45792ff04c0/credential.c#L311,,1,Low commit frequency; the community is not very active,,,1,,1,,,,1,"Some issues were hit by lots of spam; the CVE is that a specific input format causes parsing errors, related to functionality/implementation"
repo:pluginsglpi/fields,100,https://github.com/pluginsGLPI/fields,7.1,"{'Binary-Artifacts': 10.0, 'CI-Tests': 0.0, 'Code-Review': 8.0, 'Dangerous-Workflow': 10.0, 'License': 10.0, 'Security-Policy': 10.0, 'Token-Permissions': 0.0, 'Vulnerabilities': 6.0}",1,7.7,https://www.cve.org/CVERecord?id=CVE-2024-45600,https://github.com/pluginsGLPI/fields/tree/9d52c712d70eff9581b84322a4d0f22e71135b34,https://github.com/pluginsGLPI/fields/security/advisories/GHSA-wwxw-64g6-2992; https://github.com/pluginsGLPI/fields/commit/eb927b0f084ee4ef6c87ab2eb7a15e99369e74ae#diff-a7024a397fba9a026157683da73cc675ec6b73bd900374b3836bcdc76ec7bd5cR1166,,1,Low commit frequency; the community is not very active,,,1,,1,The most important developer is no longer active,,1,,"SQL injection attacks, reflecting security management issues in this library"
repo:contao/contao,386,https://github.com/contao/contao,7.1,"{'Binary-Artifacts': 10.0, 'CI-Tests': 9.0, 'Code-Review': 6.0, 'Dangerous-Workflow': 10.0, 'License': 10.0, 'Pinned-Dependencies': 0.0, 'Security-Policy': 10.0, 'Token-Permissions': 10.0, 'Vulnerabilities': 0.0}",1,8.3,https://www.cve.org/CVERecord?id=CVE-2024-45398,https://github.com/contao/contao/tree/0e394411a1e4cd9384059ee17a9cb8f2cc0dec75,https://github.com/contao/contao/security/advisories/GHSA-vm6r-j788-hjh5,,,,,,1,,,,1,,,"Many unauthorized-access and remote code execution vulnerabilities, reflecting systematic security management issues in this library"
repo:libvips/libvips,10698,https://github.com/libvips/libvips,7.1,"{'Binary-Artifacts': 10.0, 'CI-Tests': 10.0, 'Code-Review': 5.0, 'License': 10.0, 'Security-Policy': 0.0, 'Vulnerabilities': 9.0}",1,8.5,https://www.cve.org/CVERecord?id=CVE-2025-29769,https://github.com/libvips/libvips/tree/f801ed6cc47f31f611008dca3847e48b29dc2573,https://github.com/libvips/libvips/security/advisories/GHSA-f8r8-43hh-rghm; https://github.com/libvips/libvips/pull/4392; https://github.com/libvips/libvips/pull/4394; https://github.com/libvips/libvips/commit/9ab6784f693de50b00fa535b9efbbe9d2cbf71f2,,,,,,1,,,,,,,"The CVE comes from incorrect judgment of the input channel, i.e., improper exception handling"
repo:containers/crun,3582,https://github.com/containers/crun,7.1,"{'Binary-Artifacts': 10.0, 'CI-Tests': 2.0, 'Code-Review': 10.0, 'Dangerous-Workflow': 10.0, 'License': 10.0, 'Pinned-Dependencies': 0.0, 'Security-Policy': 9.0, 'Token-Permissions': 0.0, 'Vulnerabilities': 9.0}",1,8.5,https://www.cve.org/CVERecord?id=CVE-2025-24965,https://github.com/containers/crun/tree/7dba7fc11f075fa79c2101505f43dd12af582804,https://github.com/containers/crun/security/advisories/GHSA-f42g-r5jj-qh4j; https://github.com/containers/crun/commit/0aec82c2b686f0b1793deed43b46524fe2e8b5a7; https://github.com/containers/crun/releases/tag/1.20,,,,,,1,,,,,,,"The CVE is that malware misleads krun to write files, stemming from permission management and improper input handling"
repo:collaboraonline/online,2468,https://github.com/CollaboraOnline/online,7.1,"{'Binary-Artifacts': 9.0, 'CI-Tests': 10.0, 'Code-Review': 7.0, 'Dangerous-Workflow': 10.0, 'License': 9.0, 'Pinned-Dependencies': 0.0, 'Security-Policy': 10.0, 'Token-Permissions': 0.0, 'Vulnerabilities': 10.0}",1,8.3,https://www.cve.org/CVERecord?id=CVE-2025-27791,https://github.com/CollaboraOnline/online/tree/b4906376ff78ff18086735ee130ab311e35e2090,https://github.com/CollaboraOnline/online/security/advisories/GHSA-9j32-gg3j-8w25,,,,,,,,1,,1,1,1,Many open issues are unresolved; the CVE is path traversal plus read/write permission vulnerabilities
repo:python-pillow/pillow,13103,https://github.com/python-pillow/Pillow,7.1,"{'Binary-Artifacts': 10.0, 'CI-Tests': 9.0, 'Code-Review': 6.0, 'Dangerous-Workflow': 10.0, 'License': 9.0, 'Pinned-Dependencies': 0.0, 'Security-Policy': 10.0, 'Token-Permissions': 10.0, 'Vulnerabilities': 0.0}",1,7.1,https://www.cve.org/CVERecord?id=CVE-2025-48379,https://github.com/python-pillow/Pillow/tree/f246be7b13867d6c85f01e38b5d14b093ace66c7,https://github.com/python-pillow/Pillow/security/advisories/GHSA-xg8h-j46f-w952; https://github.com/python-pillow/Pillow/pull/9041; https://github.com/python-pillow/Pillow/commit/ef98b3510e3e4f14b547762764813d7e5ca3c5a4; https://github.com/python-pillow/Pillow/releases/tag/11.3.0,,,,1,Limited test-script capability; this CVE stems from an overflow due to not checking available space,1,,1,,,,,
repo:spotify/luigi,18508,https://github.com/spotify/luigi,7.1,"{'Binary-Artifacts': 10.0, 'CI-Tests': 1.0, 'Code-Review': 10.0, 'Dangerous-Workflow': 10.0, 'License': 10.0, 'Pinned-Dependencies': 0.0, 'Security-Policy': 9.0, 'Token-Permissions': 0.0, 'Vulnerabilities': 9.0}",1,8.6,https://www.cve.org/CVERecord?id=CVE-2024-21542,https://github.com/spotify/luigi/tree/5433b521244e2eee5dacd3e6dd275951037eb419,https://github.com/spotify/luigi/issues/3301; https://github.com/spotify/luigi/commit/b5d1b965ead7d9f777a3216369b5baf23ec08999; https://github.com/spotify/luigi/releases/tag/v3.6.0; https://github.com/L3ster1337/Poc-CVE-2024-21542,,1,Low commit frequency; the community is not very active,,,1,,,Several main developers have stopped being active,,,1,Many open issues are unresolved; few issues were fixed in the last year; maintenance is clearly insufficient
repo:facebook/mvfst,1595,https://github.com/facebook/mvfst,7.1,"{'Binary-Artifacts': 10.0, 'Code-Review': 7.0, 'Dangerous-Workflow': 10.0, 'License': 10.0, 'Pinned-Dependencies': 0.0, 'Security-Policy': 9.0, 'Token-Permissions': 10.0, 'Vulnerabilities': 0.0}",1,8.1,https://www.cve.org/CVERecord?id=CVE-2025-30403,https://github.com/facebook/mvfst/tree/eda260cc8646b8e0cffbc0fae5c0353ffac18cc3,https://github.com/facebook/mvfst/commit/65b297332191de6e867c4a3139a233fc84c0e7e0,,,Very few issues; the community is not very active,1,Lack of a dedicated test folder; this CVE was reported externally; a crafted response caused a DoS CVE vulnerability,1,,1,Several main developers have left; repo activity has declined,,,1,Internal/external repository situation: the main repo may not be on GitHub; inactive users may simply have left their positions
repo:librenms/librenms,4399,https://github.com/librenms/librenms,7,"{'Binary-Artifacts': 10.0, 'CI-Tests': 9.0, 'Code-Review': 5.0, 'Dangerous-Workflow': 10.0, 'License': 9.0, 'Pinned-Dependencies': 0.0, 'Security-Policy': 10.0, 'Token-Permissions': 10.0, 'Vulnerabilities': 0.0}",6,7.45,https://www.cve.org/CVERecord?id=CVE-2024-47523; https://www.cve.org/CVERecord?id=CVE-2024-47524; https://www.cve.org/CVERecord?id=CVE-2024-47527; https://www.cve.org/CVERecord?id=CVE-2024-47525; https://www.cve.org/CVERecord?id=CVE-2024-49754; https://www.cve.org/CVERecord?id=CVE-2025-54138,https://github.com/librenms/librenms/tree/32993a37d99b05630e2873bb805a4e78ed981588,https://github.com/librenms/librenms/security/advisories/GHSA-7f84-28qh-9486; https://github.com/librenms/librenms/commit/ee1afba003d33667981e098c83295f599d88439c; https://github.com/librenms/librenms/blob/4777247327c793ed0a3306d0464b95176008177b/includes/html/print-alert-transports.php#L40; https://github.com/librenms/librenms/security/advisories/GHSA-fc38-2254-48g7; https://github.com/librenms/librenms/commit/d3b51560a8e2343e520d16e9adc72c6951aa91ee; https://github.com/librenms/librenms/security/advisories/GHSA-rwwc-2v8q-gc9v; https://github.com/librenms/librenms/commit/36b38a50cc10d4ed16caab92bdc18ed6abac9685; https://github.com/librenms/librenms/security/advisories/GHSA-j2j9-7pr6-xqwv; https://github.com/librenms/librenms/commit/7620d220e48563938d869da7689b8ac3f7721490; https://github.com/librenms/librenms/blob/9455173edce6971777cf6666d540eeeaf6201920/includes/html/print-alert-rules.php#L405; https://github.com/librenms/librenms/security/advisories/GHSA-gfwr-xqmj-j27v; https://github.com/librenms/librenms/commit/25988a937cbaebd2ba4c0517510206c404dfb359; https://github.com/librenms/librenms/security/advisories/GHSA-gq96-8w38-hhj2; https://github.com/librenms/librenms/pull/17990; https://github.com/librenms/librenms/commit/ec89714d929ef0cf2321957ed9198b0f18396c81; https://github.com/librenms/librenms/releases/tag/25.7.0,,,,,,1,,1,,1,,1,"Systematic vulnerability hunting behavior found multiple XSS vulnerabilities, reflecting security management issues in this library"
repo:oisf/suricata,5643,https://github.com/OISF/suricata,7,"{'Binary-Artifacts': 10.0, 'CI-Tests': 10.0, 'Code-Review': 10.0, 'Dangerous-Workflow': 10.0, 'License': 10.0, 'Pinned-Dependencies': 6.0, 'Security-Policy': 10.0, 'Token-Permissions': 0.0, 'Vulnerabilities': 1.0}",9,7.5,https://www.cve.org/CVERecord?id=CVE-2024-47188; https://www.cve.org/CVERecord?id=CVE-2024-47522; https://www.cve.org/CVERecord?id=CVE-2024-47187; https://www.cve.org/CVERecord?id=CVE-2024-45795; https://www.cve.org/CVERecord?id=CVE-2024-55605; https://www.cve.org/CVERecord?id=CVE-2024-55628; https://www.cve.org/CVERecord?id=CVE-2024-55629; https://www.cve.org/CVERecord?id=CVE-2025-29915; https://www.cve.org/CVERecord?id=CVE-2025-53538,https://github.com/OISF/suricata/tree/685baa9680c98acb4cdf35b77186600d6f582b8b,https://github.com/OISF/suricata/security/advisories/GHSA-qq5v-qcjx-f872; https://github.com/OISF/suricata/security/advisories/GHSA-w5xv-6586-jpm7; https://github.com/OISF/suricata/security/advisories/GHSA-64ww-4f6x-863p; https://github.com/OISF/suricata/security/advisories/GHSA-6r8w-fpw6-cp9g; https://github.com/OISF/suricata/security/advisories/GHSA-x2hr-33vp-w289; https://github.com/OISF/suricata/security/advisories/GHSA-96w4-jqwf-qx2j; https://github.com/OISF/suricata/commit/19cf0f81335d9f787d587450f7105ad95a648951; https://github.com/OISF/suricata/commit/37f4c52b22fcdde4adf9b479cb5700f89d00768d; https://github.com/OISF/suricata/commit/3a5671739f5b25e5dd973a74ca5fd8ea40e1ae2d; https://github.com/OISF/suricata/security/advisories/GHSA-69wr-vhwg-84h2; https://github.com/OISF/suricata/commit/6882bcb3e51bd3cf509fb6569cc30f48d7bb53d7; https://github.com/OISF/suricata/commit/779f9d8ba35c3f9b5abfa327d3a4209861bd2eb8; https://github.com/OISF/suricata/security/advisories/GHSA-7m5c-cqx4-x8mp; https://github.com/OISF/suricata/commit/d78f2c9a4e2b59f44daeddff098915084493d08d; https://github.com/OISF/suricata/security/advisories/GHSA-qrr7-crgj-cmh3; https://github.com/OISF/suricata/commit/1d6d331752e933c46aca0ae7a9679b27462246e3; https://github.com/OISF/suricata/commit/7fa88ea9e7d05e07a7864050cfd836b576669720,,,,,,1,,,,1,,,No place to submit issues; multiple CVEs in memory read/write and allocation indicate systemic security problems
repo:external-secrets/external-secrets,5915,https://github.com/external-secrets/external-secrets,7,"{'Binary-Artifacts': 10.0, 'CI-Tests': 7.0, 'Code-Review': 10.0, 'Dangerous-Workflow': 10.0, 'License': 10.0, 'Pinned-Dependencies': 9.0, 'Security-Policy': 10.0, 'Token-Permissions': 0.0, 'Vulnerabilities': 0.0}",2,7.7,https://www.cve.org/CVERecord?id=CVE-2024-45041; https://www.cve.org/CVERecord?id=CVE-2025-55196,https://github.com/external-secrets/external-secrets/tree/a861de4f659160838fba43708215fe523c497e35,https://github.com/external-secrets/external-secrets/security/advisories/GHSA-qwgc-rr35-h4x9; https://github.com/external-secrets/external-secrets/commit/428a452fd2ad45935312f2c2c0d40bc37ce6e67c; https://github.com/external-secrets/external-secrets/security/advisories/GHSA-fcxq-v2r3-cc8h; https://github.com/external-secrets/external-secrets/pull/5109; https://github.com/external-secrets/external-secrets/pull/5133; https://github.com/external-secrets/external-secrets/commit/39cdba5863533007b582dc63dd300839326b2f1d; https://github.com/external-secrets/external-secrets/commit/de40e8f4fa9559c1d770bb674589b285da5ef2d1,,,,1,Lack of a dedicated test folder; this CVE was reported externally; lack of namespace checks,1,,,,,1,,Lack of namespace restrictions caused the CVE vulnerability
repo:runatlantis/atlantis,8531,https://github.com/runatlantis/atlantis,7,"{'Binary-Artifacts': 10.0, 'CI-Tests': 8.0, 'Code-Review': 10.0, 'Dangerous-Workflow': 10.0, 'License': 10.0, 'Pinned-Dependencies': 8.0, 'Security-Policy': 10.0, 'Token-Permissions': 0.0, 'Vulnerabilities': 0.0}",1,8.5,https://www.cve.org/CVERecord?id=CVE-2024-52009,https://github.com/runatlantis/atlantis/tree/0856e40a64a02cd020d231bba914e95274da8430,https://github.com/runatlantis/atlantis/security/advisories/GHSA-gppm-hq3p-h4rp; https://github.com/runatlantis/atlantis/issues/4060; https://github.com/runatlantis/atlantis/pull/4667; https://github.com/runatlantis/atlantis/releases/tag/v0.30.0,,,,,,,,1,,,1,1,Many open issues are unresolved; the CVE stems from improper handling of private data such as logs
repo:rhymix/rhymix,281,https://github.com/rhymix/rhymix,7,"{'Binary-Artifacts': 10.0, 'CI-Tests': 7.0, 'Code-Review': 1.0, 'License': 10.0, 'Security-Policy': 10.0, 'Vulnerabilities': 7.0}",1,7.7,https://www.cve.org/CVERecord?id=CVE-2025-45242,https://github.com/rhymix/rhymix/tree/46094c9fdd3b9d66730200d2822babc1a24dd041,https://github.com/rhymix/rhymix; https://gist.github.com/chao112122/536a55fece5f578b90cee2c841eecdce,,,,,,1,,1,Several main developers have left,,,,
repo:form-data/form-data,2329,https://github.com/form-data/form-data,7,"{'Binary-Artifacts': 10.0, 'CI-Tests': 0.0, 'Code-Review': 8.0, 'License': 10.0, 'Security-Policy': 0.0, 'Vulnerabilities': 9.0}",1,9.4,https://www.cve.org/CVERecord?id=CVE-2025-7783,https://github.com/form-data/form-data/tree/335ad19c6e17dc2d7298ffe0e9b37ba63600e94b,https://github.com/form-data/form-data/security/advisories/GHSA-fjxv-7rqg-78g4; https://github.com/form-data/form-data/commit/3d1723080e6577a66f17f163ecd345a21d8d0fd0,1,1,Commit frequency is very low; maintenance has almost stopped,,,1,,,Several main developers have left,,,1,"The CVE stems from using an insecure random function, reflecting missing security management by the developers"
repo:mitre/caldera,6450,https://github.com/mitre/caldera,7,"{'Binary-Artifacts': 10.0, 'CI-Tests': 0.0, 'Code-Review': 6.0, 'Dangerous-Workflow': 10.0, 'License': 10.0, 'Pinned-Dependencies': 3.0, 'Security-Policy': 10.0, 'Token-Permissions': 10.0, 'Vulnerabilities': 0.0}",1,10,https://www.cve.org/CVERecord?id=CVE-2025-27364,https://github.com/mitre/caldera/tree/5521615b470f712edf582b383de87648a360a8bb,https://github.com/mitre/caldera/releases; https://github.com/mitre/caldera/security; https://github.com/mitre/caldera/commit/35bc06e42e19fe7efbc008999b9f993b1b7109c0; https://github.com/mitre/caldera/pull/3131/commits/61de40f92a595bed462372a5e676c2e5a32d1050; https://github.com/mitre/caldera/pull/3129,,,,,,1,,1,Several main developers have left,,,1,
repo:project-zot/zot,1438,https://github.com/project-zot/zot,7,"{'Binary-Artifacts': 10.0, 'CI-Tests': 0.0, 'Code-Review': 8.0, 'Dangerous-Workflow': 10.0, 'License': 10.0, 'Pinned-Dependencies': 0.0, 'Security-Policy': 10.0, 'Token-Permissions': 10.0, 'Vulnerabilities': 0.0}",1,7.3,https://www.cve.org/CVERecord?id=CVE-2025-23208,https://github.com/project-zot/zot/tree/bfafe01c3867bd4dfc8263531b02be2ea0e8810d,https://github.com/project-zot/zot/security/advisories/GHSA-c9p4-xwr9-rfhx; https://github.com/project-zot/zot/commit/002ac62d8a15bf0cba010b3ba7bde86f9837b613; https://github.com/project-zot/zot/blob/5e30fec65c49e3139907e2819ccb39b2e3bd784e/pkg/meta/boltdb/boltdb.go#L1665,,,,,,1,,1,,,,,"The CVE involves permission issues and privacy leaks, possibly related to a specific backend"
repo:timescale/pgai,5388,https://github.com/timescale/pgai,7,"{'Binary-Artifacts': 10.0, 'CI-Tests': 0.0, 'Code-Review': 6.0, 'License': 10.0, 'Pinned-Dependencies': 0.0, 'Security-Policy': 10.0, 'Vulnerabilities': 9.0}",1,9.1,https://www.cve.org/CVERecord?id=CVE-2025-52467,https://github.com/timescale/pgai/tree/2189cd9a0afac7ff4ce067c3a62635da1b640968,https://github.com/timescale/pgai/security/advisories/GHSA-89qq-hgvp-x37m; https://github.com/timescale/pgai/pull/742; https://github.com/timescale/pgai/commit/8eb356729c33560ce54b88b9a956960ad1e3ede8,,,,,,,,1,,,,1,"Issue resolution is slow and takes a long cycle; the CVE is a privacy leak caused by an incorrect submission in this project, not strongly related to code logic errors"
